{"mean": [43.44027167399121, 0.9420695165801038, 86.0882540950859, 165.42061526168598, 100.03048341989611, 31.44478625649221, 0.6679984019176988, 0.7718737514982021, 0.7327207351178586, 0.8254095085896924, 0.522572912504994, 0.3184178985217739, 0.6883739512584898, 0.47782660807031563, 0.5972832600878946, 0.20375549340791052, 0.31761885737115464, 0.20735117858569715, 0.20055932880543348, 16.058330003995206, 0.0982820615261686, 0.07071514182980423, 0.08789452656811826, 0.05793048341989612, 0.28326008789452656, 0.11626048741510188], "std": [10.242540538464379, 0.2336119485613552, 16.847188624536066, 5.879522765960878, 13.176248078641692, 5.836174317775124, 0.47093156291875293, 0.41962443118375964, 0.44253933095963743, 0.3796164534361161, 0.4994902037288038, 0.4658625767570853, 0.463157915280808, 0.49950809872346674, 0.4904446628383992, 0.40278926539073684, 0.4655503397199885, 0.40540925905166436, 0.40041888621111205, 7.2644110240772175, 0.2976956464383297, 0.2563484163122427, 0.2831414465730594, 0.23361194856135517, 0.450581635778148, 0.3205370282527509]}