{
    "mean": [
        51.81003584229391,
        94.00488758553274,
        168.0897686542848,
        106.77305311176279,
        33.472223851417404,
        18.753014011078527
    ],
    "scale": [
        15.484372879945543,
        21.051945302171244,
        9.531460293816389,
        16.74700511582328,
        8.01501068473282,
        8.350593749713791
    ],
    "var": [
        239.765803485193,
        443.18440100560997,
        90.84873533259841,
        280.46218034941114,
        64.24039627638126,
        69.73241597275904
    ]
}