{
    "mean": [
        52.14011078527208,
        94.06728576083415,
        168.1762789182144,
        106.97849462365592,
        33.48215542521994,
        21.43450635386119
    ],
    "scale": [
        15.6744199151012,
        21.022746803963884,
        9.62362130558532,
        16.874998817519586,
        8.093463966325778,
        6.86838246405752
    ],
    "var": [
        245.68743967492114,
        441.9558831835737,
        92.61408703331571,
        284.76558509128745,
        65.5041589742138,
        47.17467767257285
    ]
}